{
    "parser_group/parse_sqllog_file_full": 1551658693.3333333,
    "parser_group/parse_sqllog_file_5mb": 7373379.874716553
}